,,Overall,Overall,Overall,Overall,Overall,Overall,,Conf.,Conf.,,Home,Home,,Away,Away,,Points,Points,,Totals,Totals,Totals,Totals,Totals,Totals,Totals,Totals,Totals,Totals,Totals,Totals,Totals,Totals,Totals,Totals,Totals
Rk,School,G,W,L,W-L%,SRS,SOS,,W,L,,W,L,,W,L,,Tm.,Opp.,,MP,FG,FGA,FG%,3P,3PA,3P%,FT,FTA,FT%,ORB,TRB,AST,STL,BLK,TOV,PF
1,Air Force,26,10,16,.385,-5.45,2.64,,2,12,,,,,,,,1773,1813,,1040,612,1428,.429,196,512,.383,353,541,.652,287,879,361,158,81,370,546
2,Akron,27,17,10,.630,5.57,-0.66,,13,5,,,,,,,,2034,1825,,,731,1548,.472,108,348,.310,464,668,.695,313,945,391,256,91,386,474
3,UAB,33,21,12,.636,6.88,4.66,,10,6,,,,,,,,2482,2381,,,860,1945,.442,185,508,.364,577,856,.674,466,1335,454,253,92,569,719
4,Alabama State,28,11,17,.393,-16.77,-10.27,,6,10,,,,,,,,1914,2065,,,671,1508,.445,129,359,.359,443,706,.627,367,1022,254,245,61,579,545
5,Alabama,31,15,16,.484,7.74,6.47,,6,10,,,,,,,,2168,2139,,,799,1953,.409,186,574,.324,384,548,.701,495,1267,348,219,169,473,572
6,Alcorn State,27,12,15,.444,-12.49,-8.28,,8,8,,,,,,,,1996,2040,,,745,1641,.454,136,407,.334,370,600,.617,380,1038,376,221,90,475,539
7,American,28,9,19,.321,-4.91,-0.50,,5,11,,,,,,,,1725,1834,,1120,597,1488,.401,160,464,.345,371,538,.690,356,964,284,204,89,471,527
8,Appalachian State,29,21,8,.724,-3.09,-5.82,,13,2,,,,,,,,2089,1917,,,741,1646,.450,140,458,.306,467,731,.639,375,1068,412,224,112,432,512
9,Arizona State,32,18,14,.563,7.92,7.98,,8,10,,,,,,,,2703,2688,,,1019,2118,.481,172,478,.360,493,661,.746,379,1169,639,290,114,537,558
10,Arizona NCAA,35,30,5,.857,24.56,8.36,,17,1,,,,,,,,3177,2610,,,1146,2350,.488,269,714,.377,616,860,.716,513,1372,677,352,113,502,578
11,Little Rock,28,15,13,.536,-5.39,-2.80,,10,8,,,,,,,,1887,1931,,,687,1533,.448,134,407,.329,379,588,.645,308,958,405,150,85,390,497
12,Arkansas-Pine Bluff,27,4,23,.148,,,,3,13,,,,,,,,,2105,,,,,,,,,,,,421,,,,,,
13,Arkansas State,29,20,9,.690,1.22,-3.09,,14,4,,,,,,,,2170,2045,,,767,1660,.462,210,529,.397,426,606,.703,312,966,453,199,107,436,571
14,Arkansas NCAA,33,24,9,.727,16.17,5.79,,11,5,,,,,,,,2716,2389,,1325,984,2208,.446,237,671,.353,511,788,.648,524,1306,526,356,158,548,680
15,Army,27,8,19,.296,-20.38,-8.19,,2,10,,,,,,,,1730,2028,,,593,1441,.412,167,484,.345,377,559,.674,275,834,324,198,56,482,525
16,Auburn,30,16,14,.533,7.44,5.94,,7,9,,,,,,,,2068,2019,,,743,1766,.421,197,608,.324,385,596,.646,442,1183,372,215,152,492,560
17,Austin Peay,28,17,11,.607,-4.73,-7.23,,11,7,,,,,,,,2013,1889,,1125,741,1682,.441,184,552,.333,347,532,.652,387,1038,426,269,125,435,470
18,Ball State,29,21,8,.724,7.46,0.68,,14,4,,,,,,,,2274,2005,,,852,1814,.470,116,386,.301,454,686,.662,408,1012,426,349,67,433,606
19,Baylor,28,14,14,.500,3.19,4.90,,8,8,,,,,,,,1970,2018,,,676,1629,.415,217,650,.334,401,648,.619,362,1083,394,189,116,453,542
20,Bethune-Cookman,27,1,26,.037,-27.28,-8.94,,1,17,,,,,,,,1644,2139,,,590,1557,.379,102,421,.242,362,636,.569,369,933,240,252,80,631,647
21,Boise State,30,17,13,.567,2.47,-0.53,,9,7,,,,,,,,2171,2072,,,736,1592,.462,221,561,.394,478,665,.719,301,838,435,288,85,490,639
22,Boston College,31,15,16,.484,5.14,6.47,,6,12,,,,,,,,2167,2198,,,791,1756,.450,173,512,.338,412,640,.644,387,1107,406,238,109,496,522
23,Boston University,30,19,11,.633,-0.03,-2.53,,12,6,,,,,,,,2101,2026,,,718,1643,.437,177,493,.359,488,744,.656,371,1124,460,209,87,475,613
24,Bowling Green State,26,10,16,.385,-3.20,0.96,,7,11,,,,,,,,1776,1856,,,592,1394,.425,183,501,.365,409,573,.714,285,814,322,176,44,397,491
25,Bradley,29,15,14,.517,4.23,2.12,,9,9,,,,,,,,1872,1772,,,656,1487,.441,121,333,.363,439,644,.682,314,1061,433,196,116,438,507
26,Brigham Young,30,9,21,.300,-0.11,6.12,,4,10,,,,,,,,1906,2093,,,589,1571,.375,194,638,.304,534,749,.713,381,1060,355,194,72,486,638
27,Brown,26,6,20,.231,-17.26,-5.95,,3,11,,,,,,,,1478,1772,,,502,1313,.382,124,404,.307,350,544,.643,260,855,272,125,39,380,480
28,Bucknell,28,13,15,.464,-6.82,-6.82,,8,4,,,,,,,,1947,1922,,,676,1495,.452,188,520,.362,407,592,.688,321,970,349,175,91,471,537
29,Buffalo,28,15,13,.536,-6.20,-6.39,,9,7,,,,,,,,2098,2033,,,709,1574,.450,170,505,.337,510,701,.728,297,968,442,175,67,362,494
30,Butler NCAA,33,22,11,.667,4.87,2.77,,8,6,,,,,,,,2228,2052,,,730,1642,.445,152,478,.318,616,929,.663,370,1163,400,177,96,491,612
31,Cal Poly,28,14,14,.500,-7.96,-3.48,,7,9,,,,,,,,2367,2398,,,783,1759,.445,246,654,.376,555,791,.702,346,999,407,212,63,418,569
32,Cal State Fullerton,28,12,16,.429,-3.54,-0.98,,6,10,,,,,,,,2056,2085,,,728,1675,.435,182,503,.362,418,680,.615,380,1016,368,224,95,483,571
33,Cal State Northridge,28,12,16,.429,-1.35,-3.27,,7,9,,,,,,,,2356,2242,,,797,1761,.453,241,643,.375,521,749,.696,414,1085,467,227,74,511,691
34,UC Irvine,27,9,18,.333,-8.07,0.49,,6,10,,,,,,,,1681,1877,,,564,1407,.401,172,515,.334,381,517,.737,253,815,328,223,51,448,560
35,UC Santa Barbara,26,7,19,.269,-7.47,-0.31,,4,12,,,,,,,,1861,1977,,,689,1494,.461,120,378,.317,363,519,.699,341,935,367,169,66,455,501
36,California,27,12,15,.444,8.33,7.95,,8,10,,,,,,,,1899,1876,,,691,1578,.438,100,328,.305,417,618,.675,330,959,321,227,97,422,519
37,Campbell,27,10,17,.370,-18.24,-7.74,,4,12,,,,,,,,1726,1921,,,592,1461,.405,185,539,.343,357,549,.650,336,974,364,174,117,474,501
38,Canisius,27,13,14,.481,-3.12,-0.49,,9,9,,,,,,,,1844,1915,,,642,1483,.433,155,449,.345,405,600,.675,356,952,387,145,71,381,477
39,Centenary (LA),30,10,20,.333,-12.14,-7.41,,8,8,,,,,,,,2072,2214,,,730,1664,.439,168,454,.370,444,700,.634,,1071,380,226,75,,632
40,Central Connecticut State,26,4,22,.154,-17.57,-6.29,,3,13,,,,,,,,1705,1996,,,628,1537,.409,149,433,.344,300,447,.671,359,956,320,198,88,500,537
41,Central Florida,28,17,11,.607,-5.09,-7.94,,11,5,,,,,,,,2130,1998,,,788,1675,.470,137,391,.350,417,630,.662,375,1071,429,258,116,469,591
42,Central Michigan,26,5,21,.192,-11.57,2.47,,3,15,,,,,,,,1788,2117,,,612,1416,.432,161,466,.345,403,593,.680,260,879,320,152,79,539,585
43,Charleston Southern,27,5,22,.185,-20.46,-8.34,,2,10,,,,,,,,1883,2127,,,694,1509,.460,134,356,.376,361,564,.640,318,946,319,169,73,532,605
44,Charlotte NCAA,31,20,11,.645,12.21,6.72,,13,3,,,,,,,,2283,2113,,,816,1866,.437,180,525,.343,471,665,.708,426,1176,481,266,73,447,561
45,Chattanooga,28,13,15,.464,-8.71,-4.84,,7,7,,,,,,,,1771,1809,,,626,1550,.404,200,551,.363,319,461,.692,405,950,372,176,42,371,497
46,Chicago State,27,2,25,.074,-25.23,-3.60,,2,14,,,,,,,,1837,2421,,,686,1856,.370,154,515,.299,311,507,.613,451,1012,311,240,86,439,583
47,Cincinnati NCAA,33,27,6,.818,17.85,4.97,,14,2,,,,,,,,2510,2085,,,861,1886,.457,178,513,.347,610,898,.679,521,1324,414,258,146,526,633
48,The Citadel,28,15,13,.536,-8.53,-9.03,,6,8,,,,,,,,1816,1741,,,642,1460,.440,118,346,.341,414,591,.701,327,1021,377,153,120,399,585
49,Clemson NCAA,32,18,14,.563,17.17,10.33,,7,9,,,,,,,,2309,2090,,,842,1783,.472,164,485,.338,461,751,.614,396,1082,484,256,90,406,683
50,Cleveland State,27,12,15,.444,-2.62,3.27,,6,8,,,,,,,,1743,1904,,,595,1490,.399,130,391,.332,423,645,.656,382,998,277,204,87,502,602
51,Coastal Carolina,27,8,19,.296,-19.47,-9.30,,4,8,,,,,,,,1675,1868,,,577,1480,.390,154,457,.337,367,531,.691,371,883,306,237,39,469,546
52,Colgate,28,10,18,.357,-9.74,-6.77,,5,7,,,,,,,,2075,2158,,,726,1754,.414,208,638,.326,415,580,.716,365,1022,390,267,73,425,574
53,College of Charleston NCAA,30,24,6,.800,4.44,-9.03,,14,2,,,,,,,,2102,1662,,,784,1701,.461,105,305,.344,429,618,.694,389,1079,434,329,125,401,487
54,Colorado State,29,20,9,.690,6.28,1.68,,8,6,,,,,,,,1999,1802,,,703,1545,.455,149,436,.342,444,661,.672,350,1053,450,194,129,368,504
55,Colorado,27,13,14,.481,2.15,4.45,,7,9,,,,,,,,1928,1970,,,661,1638,.404,153,441,.347,453,658,.688,406,1058,417,177,109,386,492
56,Columbia,26,11,15,.423,-13.46,-8.14,,6,8,,,,,,,,1487,1616,,,516,1221,.423,148,463,.320,307,489,.628,221,826,306,184,54,406,521
57,Connecticut NCAA,37,32,5,.865,20.67,7.89,,15,3,,,,,,,,2836,2363,,,1003,2188,.458,220,616,.357,610,832,.733,520,1447,529,314,148,525,671
58,Coppin State,29,21,8,.724,-2.39,-10.28,,17,1,,,,,,,,2251,2022,,,757,1767,.428,202,572,.353,535,734,.729,379,1070,293,299,61,480,635
59,Cornell,26,9,17,.346,-11.65,-8.21,,6,8,,,,,,,,1629,1699,,,605,1439,.420,122,390,.313,297,468,.635,348,995,333,150,110,402,500
60,Creighton,28,18,10,.643,6.28,1.21,,12,6,,,,,,,,2100,1958,,,723,1589,.455,203,559,.363,451,656,.688,327,1032,430,261,127,460,573
61,Dartmouth,26,7,19,.269,-15.62,-7.12,,4,10,,,,,,,,1474,1695,,,532,1310,.406,140,437,.320,270,434,.622,278,880,284,124,73,404,471
62,Davidson NCAA,30,20,10,.667,-0.71,-3.74,,13,2,,,,,,,,2138,1987,,,747,1726,.433,209,595,.351,435,646,.673,416,1117,472,223,61,501,584
63,Dayton,33,21,12,.636,8.80,4.04,,11,5,,,,,,,,2511,2354,,,862,1914,.450,182,486,.374,605,843,.718,485,1300,444,183,69,475,593
64,Delaware State,27,9,18,.333,-22.43,-10.03,,7,11,,,,,,,,1889,2165,,,670,1594,.420,114,340,.335,435,674,.645,392,995,297,206,95,581,616
65,Delaware NCAA,30,20,10,.667,-1.92,-3.42,,12,6,,,,,,,,2191,2111,,,758,1705,.445,177,488,.363,498,695,.717,320,1072,420,240,91,504,563
66,DePaul,30,7,23,.233,-2.43,7.50,,3,13,,,,,,,,1777,2063,,,630,1748,.360,175,611,.286,342,511,.669,426,1024,288,249,66,395,539
67,Detroit Mercy NCAA,31,25,6,.806,9.86,0.49,,12,2,,,,,,,,2314,1957,,,817,1771,.461,208,554,.375,472,639,.739,389,1107,437,229,100,409,597
68,Drake,27,3,24,.111,-14.06,1.60,,0,18,,,,,,,,1646,2033,,,573,1447,.396,182,552,.330,318,492,.646,273,820,358,237,39,475,512
69,Drexel,28,13,15,.464,-3.77,-2.92,,10,8,,,,,,,,1870,1894,,,665,1596,.417,149,429,.347,391,581,.673,336,1000,393,122,39,346,588
70,Duke NCAA,36,32,4,.889,29.55,9.32,,15,1,,,,,,,,3082,2308,,,1081,2278,.475,273,739,.369,647,960,.674,534,1377,514,339,183,448,670
71,Duquesne,30,11,19,.367,-0.57,4.66,,5,11,,,,,,,,2173,2330,,,774,1761,.440,163,468,.348,462,754,.613,446,1107,407,261,91,589,637
72,East Carolina,27,10,17,.370,-3.35,-1.31,,5,11,,,,,,,,1821,1835,,,639,1492,.428,168,467,.360,375,550,.682,344,974,321,132,71,374,547
73,East Tennessee State,27,11,16,.407,-11.59,-8.39,,6,9,,,,,,,,1779,1807,,,626,1420,.441,120,352,.341,407,634,.642,313,931,340,175,45,445,555
74,Eastern Illinois,27,16,11,.593,-4.89,-5.89,,13,5,,,,,,,,2009,1933,,,718,1649,.435,165,497,.332,408,609,.670,360,1038,430,215,62,413,528
75,Eastern Kentucky,27,10,17,.370,-11.11,-4.95,,8,10,,,,,,,,1897,2053,,,654,1617,.404,171,496,.345,418,633,.660,428,1096,328,240,58,530,643
76,Eastern Michigan NCAA,30,20,10,.667,6.70,2.67,,13,5,,,,,,,,2394,2266,,,909,1933,.470,210,572,.367,366,552,.663,415,1121,473,234,110,429,600
77,Eastern Washington,27,16,11,.593,-6.20,-3.16,,10,6,,,,,,,,2053,2130,,,754,1696,.445,155,418,.371,390,611,.638,378,1032,403,224,70,425,503
78,Evansville,30,15,15,.500,1.71,-0.36,,9,9,,,,,,,,2099,2005,,,726,1526,.476,193,498,.388,454,600,.757,228,954,453,162,63,427,544
79,Fairfield,27,12,15,.444,-2.86,-1.83,,7,11,,,,,,,,1896,1924,,,659,1491,.442,118,388,.304,460,714,.644,392,985,356,217,126,448,691
80,Fairleigh Dickinson NCAA,30,23,7,.767,2.90,-5.38,,13,3,,,,,,,,2511,2253,,,851,1883,.452,233,639,.365,576,855,.674,530,1370,438,244,185,593,588
81,Florida A&M,28,11,17,.393,-16.14,-11.82,,8,10,,,,,,,,1998,2117,,,716,1724,.415,129,361,.357,437,753,.580,461,1226,301,212,182,582,632
82,Florida Atlantic,27,5,22,.185,-19.25,-3.21,,5,11,,,,,,,,1671,2108,,,579,1457,.397,165,523,.315,348,508,.685,305,921,298,163,45,505,563
83,Florida International,29,21,8,.724,2.54,-5.67,,13,3,,,,,,,,2533,2295,,,898,1938,.463,237,687,.345,500,757,.661,414,1103,472,325,68,423,615
84,Florida State NCAA,32,18,14,.563,12.93,10.78,,6,10,,,,,,,,2287,2218,,,836,1830,.457,129,438,.295,486,731,.665,434,1240,461,237,165,543,631
85,Florida,29,14,15,.483,8.97,6.42,,6,10,,,,,,,,2208,2134,,,764,1725,.443,285,712,.400,395,598,.661,353,1038,429,270,131,536,625
86,Fordham,27,6,21,.222,-3.39,3.73,,2,14,,,,,,,,1762,1954,,,610,1533,.398,158,492,.321,384,543,.707,334,912,344,161,78,409,557
87,Fresno State,34,21,13,.618,9.32,5.63,,10,4,,,,,,,,2835,2629,,,1050,2345,.448,284,840,.338,451,733,.615,537,1403,685,355,185,526,668
88,Furman,29,9,20,.310,-15.16,-8.12,,5,9,,,,,,,,1790,1954,,,651,1521,.428,93,334,.278,395,600,.658,351,1075,347,180,60,514,556
89,George Mason,27,9,18,.333,-6.24,-0.58,,6,10,,,,,,,,1697,1850,,,618,1479,.418,142,445,.319,319,523,.610,314,866,309,217,82,419,512
90,George Washington NCAA,33,24,9,.727,9.91,4.76,,11,5,,,,,,,,2414,2244,,,848,1903,.446,145,449,.323,573,883,.649,479,1320,494,234,88,513,715
91,Georgetown,31,16,15,.516,8.75,5.99,,6,12,,,,,,,,2223,2052,,,822,1889,.435,94,327,.287,485,768,.632,547,1267,390,352,98,505,646
92,Georgia Southern,28,10,18,.357,-14.22,-6.93,,4,10,,,,,,,,1824,1912,,,662,1540,.430,186,585,.318,314,485,.647,366,905,361,262,60,547,578
93,Georgia State,28,16,12,.571,-5.40,-8.90,,11,5,,,,,,,,2096,1960,,,772,1658,.466,170,461,.369,382,520,.735,343,982,383,197,110,408,481
94,Georgia Tech,33,19,14,.576,12.82,8.70,,6,10,,,,,,,,2518,2382,,,882,2005,.440,231,715,.323,523,766,.683,484,1318,502,253,209,589,525
95,Georgia,35,20,15,.571,13.11,9.03,,7,9,,,,,,,,2654,2511,,,914,2163,.423,284,803,.354,542,777,.698,525,1360,475,253,111,506,682
96,Gonzaga,34,24,10,.706,10.50,1.72,,10,4,,,,,,,,2729,2357,,,965,2038,.474,274,678,.404,525,748,.702,425,1273,525,231,121,463,640
97,Grambling,28,16,12,.571,-13.35,-9.79,,10,6,,,,,,,,2030,2058,,,741,1667,.445,128,420,.305,420,610,.689,419,1046,385,235,86,514,546
98,Green Bay,29,17,12,.586,3.93,-0.57,,7,7,,,,,,,,1868,1737,,,639,1350,.473,120,326,.368,470,625,.752,207,820,380,183,102,384,503
99,Hampton,26,14,12,.538,-14.61,-11.46,,11,7,,,,,,,,1770,1852,,,588,1405,.419,155,464,.334,439,637,.689,359,1042,323,148,116,505,511
100,Hartford,27,15,12,.556,-4.65,-4.73,,11,7,,,,,,,,2138,2116,,,725,1578,.459,147,435,.338,541,730,.741,270,952,385,265,73,436,597
101,Harvard,26,13,13,.500,-8.08,-8.28,,6,8,,,,,,,,1812,1791,,,659,1459,.452,188,448,.420,306,421,.727,276,856,342,180,59,351,434
102,Hawaii,30,21,9,.700,11.22,4.38,,8,6,,,,,,,,2329,2124,,,842,1814,.464,144,433,.333,501,700,.716,405,1140,470,237,108,470,549
103,Hofstra,31,19,12,.613,-1.79,-4.48,,11,7,,,,,,,,2286,2180,,,814,1840,.442,153,494,.310,505,752,.672,397,1166,466,241,120,484,639
104,Holy Cross,27,7,20,.259,-16.58,-8.25,,3,9,,,,,,,,1851,2073,,1110,653,1573,.415,158,497,.318,387,541,.715,318,951,342,161,66,418,565
105,Houston,29,9,20,.310,-7.26,3.06,,2,14,,,,,,,,1843,2114,,,678,1595,.425,115,377,.305,372,537,.693,408,1162,350,164,93,633,577
106,Howard,28,8,20,.286,-20.21,-12.21,,5,13,,,,,,,,1937,2161,,,672,1650,.407,142,425,.334,451,695,.649,424,1067,342,177,97,523,611
107,Idaho State,26,6,20,.231,-17.52,-4.04,,2,14,,,,,,,,1791,2129,,,646,1522,.424,140,444,.315,359,611,.588,348,908,331,191,65,445,477
108,Idaho,27,15,12,.556,2.09,0.73,,9,7,,,,,,,,1910,1852,,,685,1496,.458,125,334,.374,415,590,.703,347,978,331,188,54,439,568
109,Illinois-Chicago NCAA,28,22,6,.786,9.21,0.67,,12,2,,,,,,,,2090,1851,,,715,1641,.436,192,460,.417,468,639,.732,398,1034,397,169,76,354,530
110,Illinois State NCAA,31,25,6,.806,9.64,3.41,,16,2,,,,,,,,2363,2141,,,865,1804,.479,220,587,.375,413,613,.674,342,1099,574,259,77,473,625
111,Illinois NCAA,33,23,10,.697,15.21,8.97,,13,3,,,,,,,,2301,2095,,,827,1869,.442,215,593,.363,432,634,.681,368,1109,469,244,90,443,617
112,Indiana State,27,16,11,.593,3.46,0.64,,10,8,,,,,,,,1875,1799,,,657,1449,.453,150,421,.356,411,596,.690,284,908,372,227,92,410,505
113,Indiana NCAA,32,20,12,.625,14.18,10.71,,9,7,,,,,,,,2457,2346,,,879,1792,.491,186,489,.380,513,702,.731,327,1079,568,235,105,498,585
114,Iona NCAA,33,27,6,.818,8.55,-2.08,,15,3,,,,,,,,2652,2295,,,934,2008,.465,210,599,.351,574,835,.687,475,1247,511,325,205,504,652
115,Iowa State,30,12,18,.400,0.76,6.01,,5,11,,,,,,,,1910,2031,,,681,1547,.440,105,356,.295,443,690,.642,358,1088,366,163,98,512,498
116,Iowa,31,20,11,.645,17.25,6.05,,9,7,,,,,,,,2486,2091,,,878,1828,.480,218,543,.401,512,721,.710,418,1186,566,315,114,514,498
117,Jackson State,27,14,13,.519,-8.58,-6.84,,11,5,,,,,,,,1885,1834,,,664,1597,.416,128,441,.290,429,657,.653,397,1066,304,230,124,456,581
118,Jacksonville State,26,12,14,.462,-16.85,-11.26,,6,10,,,,,,,,1958,2065,,,644,1540,.418,225,637,.353,445,633,.703,331,981,316,164,61,445,534
119,Jacksonville,27,8,19,.296,-7.84,-2.76,,6,12,,,,,,,,1776,1913,,,608,1443,.421,144,436,.330,416,669,.622,342,947,269,231,84,514,547
120,James Madison,27,11,16,.407,-5.01,-1.30,,6,10,,,,,,,,1729,1829,,,604,1451,.416,144,450,.320,377,561,.672,358,951,268,148,91,414,467
121,Kansas State,29,17,12,.586,9.39,3.42,,7,9,,,,,,,,2161,1988,,,796,1735,.459,170,486,.350,399,573,.696,374,1125,491,215,121,444,555
122,Kansas NCAA,39,35,4,.897,22.83,6.51,,15,1,,,,,,,,3300,2628,,,1249,2536,.493,229,610,.375,573,842,.681,604,1682,746,315,220,623,651
123,Kent State,30,13,17,.433,-3.76,0.68,,9,9,,,,,,,,2082,2170,,,759,1722,.441,190,544,.349,374,623,.600,400,1042,469,239,73,542,631
124,Kentucky NCAA,39,35,4,.897,22.95,9.85,,14,2,,,,,,,,3123,2612,,,1161,2409,.482,250,681,.367,551,816,.675,587,1640,691,341,240,583,722
125,La Salle,27,9,18,.333,-3.01,3.77,,5,11,,,,,,,,1928,2111,,,647,1605,.403,223,661,.337,411,604,.680,404,949,380,185,76,384,520
126,Lafayette,28,19,9,.679,-4.42,-8.19,,10,2,,,,,,,,2096,1904,,,720,1619,.445,207,612,.338,449,643,.698,367,1083,408,255,91,463,560
127,Lamar,29,15,14,.517,-3.47,-4.16,,7,11,,,,,,,,1936,1916,,,671,1591,.422,117,362,.323,477,732,.652,405,1087,282,208,52,495,634
128,Lehigh,27,10,17,.370,-15.71,-7.47,,4,8,,,,,,,,1915,2089,,,661,1618,.409,164,457,.359,429,662,.648,345,989,333,225,66,419,528
129,Liberty,28,11,17,.393,-14.72,-8.26,,5,7,,,,,,,,1800,1930,,,619,1425,.434,180,493,.365,382,546,.700,307,882,363,211,60,470,564
130,Long Beach State,29,10,19,.345,-8.51,-2.72,,5,11,,,,,,,,1850,2018,,,679,1611,.421,125,411,.304,367,588,.624,358,1043,349,185,140,478,556
131,Long Island University,32,21,11,.656,2.62,-2.04,,14,2,,,,,,,,3102,2776,,,1163,2636,.441,310,932,.333,466,834,.559,682,1406,588,478,90,491,652
132,Louisiana,31,18,13,.581,-0.28,-1.44,,12,6,,,,,,,,2336,2280,,,801,1868,.429,218,646,.337,516,776,.665,436,1076,431,284,56,465,648
133,Louisiana-Monroe,29,13,16,.448,-8.09,-4.34,,8,8,,,,,,,,2263,2433,,,818,1812,.451,152,481,.316,475,730,.651,456,1068,415,287,108,539,543
134,Louisiana State,27,9,18,.333,1.08,6.20,,2,14,,,,,,,,1680,1765,,,579,1364,.424,140,425,.329,382,592,.645,328,972,314,166,47,487,469
135,Louisiana Tech,27,12,15,.444,-1.41,-2.81,,9,9,,,,,,,,1849,1811,,,660,1432,.461,134,404,.332,395,599,.659,337,953,328,201,35,446,561
136,Louisville,32,12,20,.375,7.90,9.03,,5,11,,,,,,,,2267,2303,,,844,1907,.443,221,652,.339,358,550,.651,432,1138,511,240,116,567,652
137,Loyola (IL),30,15,15,.500,-4.99,-1.34,,6,8,,,,,,,,1997,2046,,,720,1677,.429,127,432,.294,430,640,.672,385,1049,413,223,90,454,533
138,Loyola Marymount,27,7,20,.259,-6.97,1.45,,3,11,,,,,,,,1994,2209,,,685,1673,.409,231,662,.349,393,587,.670,355,1031,381,202,100,469,578
139,Loyola (MD),28,12,16,.429,-3.20,-0.56,,9,9,,,,,,,,2143,2217,,,724,1622,.446,144,448,.321,551,767,.718,353,1004,382,251,59,536,621
140,Maine,27,7,20,.259,-13.65,-4.09,,4,14,,,,,,,,1920,2068,,,691,1653,.418,206,602,.342,332,509,.652,346,994,395,231,62,488,523
141,Manhattan,29,12,17,.414,-4.72,-0.89,,7,11,,,,,,,,1903,2014,,,668,1530,.437,174,526,.331,393,579,.679,322,968,412,186,78,454,588
142,Marist,28,11,17,.393,-7.20,-3.52,,7,11,,,,,,,,1939,2042,,,677,1546,.438,133,390,.341,452,643,.703,330,895,349,204,100,380,583
143,Marquette,31,20,11,.645,10.55,5.26,,8,8,,,,,,,,2024,1860,,,716,1746,.410,199,647,.308,393,579,.679,436,1214,399,211,123,482,555
144,Marshall,27,11,16,.407,-2.98,0.62,,7,11,,,,,,,,1882,1875,,,696,1541,.452,177,498,.355,313,466,.672,333,950,376,186,94,435,461
145,Maryland-Baltimore County,28,14,14,.500,-11.01,-9.37,,6,6,,,,,,,,1978,1991,,,686,1578,.435,186,525,.354,420,589,.713,329,1032,414,204,83,465,540
146,Maryland-Eastern Shore,27,9,18,.333,-16.17,-11.39,,7,11,,,,,,,,1838,1967,,,651,1579,.412,102,334,.305,434,666,.652,375,976,245,265,44,476,527
147,Maryland NCAA,32,21,11,.656,18.79,12.10,,10,6,,,,,,,,2520,2306,,,908,1969,.461,166,476,.349,538,794,.678,422,1271,602,275,158,525,637
148,Massachusetts NCAA,32,21,11,.656,11.99,7.27,,12,4,,,,,,,,2231,2080,,,817,1826,.447,111,327,.339,486,694,.700,475,1232,444,198,176,476,671
149,McNeese State,26,7,19,.269,-16.44,-7.72,,4,12,,,,,,,,1817,2026,,,641,1488,.431,183,540,.339,352,527,.668,319,827,372,220,79,448,520
150,Memphis,29,17,12,.586,8.04,5.56,,12,4,,,,,,,,2151,2079,,,779,1682,.463,143,441,.324,450,709,.635,351,1013,402,291,92,513,556
151,Mercer,26,5,21,.192,-19.23,-8.73,,2,14,,,,,,,,1767,1989,,,637,1559,.409,170,529,.321,323,510,.633,382,977,314,181,52,429,478
152,Miami (FL) NCAA,28,18,10,.643,10.87,6.37,,11,7,,,,,,,,1962,1836,,,735,1669,.440,114,397,.287,378,572,.661,388,1120,395,259,120,496,563
153,Miami (OH),29,17,12,.586,3.62,1.94,,9,9,,,,,,,,2006,1932,,,705,1577,.447,156,414,.377,440,610,.721,334,1062,346,165,56,442,521
154,Michigan State NCAA,30,22,8,.733,18.65,9.25,,13,3,,,,,,,,2202,1920,,,799,1779,.449,176,493,.357,428,639,.670,479,1197,446,229,117,461,575
155,Michigan NCAA,34,25,9,.735,18.79,9.64,,11,5,,,,,,,,2630,2284,,,932,1907,.489,260,621,.419,506,729,.694,422,1314,537,243,138,537,585
156,Middle Tennessee,28,19,9,.679,-1.80,-6.59,,12,6,,,,,,,,1984,1781,,,690,1540,.448,195,530,.368,409,613,.667,346,969,413,230,91,373,460
157,Milwaukee,27,3,24,.111,-9.89,1.97,,2,12,,,,,,,,1651,1971,,,571,1476,.387,185,545,.339,324,496,.653,292,863,325,195,59,456,549
158,Minnesota,35,20,15,.571,11.95,8.32,,6,10,,,,,,,,2530,2403,,,901,2029,.444,188,555,.339,540,745,.725,438,1228,498,304,144,440,716
159,Mississippi State,30,15,15,.500,7.75,5.12,,4,12,,,,,,,,2131,2053,,,806,1774,.454,136,426,.319,383,605,.633,351,1112,437,204,90,421,528
160,Mississippi Valley State,27,6,21,.222,-16.95,-7.57,,6,10,,,,,,,,1996,2221,,,715,1939,.369,227,780,.291,339,574,.591,567,1153,266,214,109,449,566
161,Mississippi NCAA,29,22,7,.759,17.22,7.07,,12,4,,,,,,,,2334,1974,,,794,1754,.453,204,544,.375,542,831,.652,442,1203,397,231,124,445,653
162,Kansas City,27,9,18,.333,-11.16,-5.32,,7,9,,,,,,,,1842,1964,,,696,1593,.437,129,394,.327,321,509,.631,338,964,369,196,50,421,507
163,Missouri State,32,16,16,.500,7.46,3.64,,11,7,,,,,,,,2369,2247,,,809,1792,.451,169,463,.365,582,791,.736,370,1180,515,253,92,487,613
164,Missouri,32,17,15,.531,6.81,7.41,,8,8,,,,,,,,2280,2299,,,791,1871,.423,214,580,.369,484,691,.700,393,1190,455,257,91,528,600
165,Monmouth,27,4,23,.148,-16.38,-4.23,,3,13,,,,,,,,1624,1952,,,602,1419,.424,195,506,.385,225,337,.668,217,742,385,211,41,442,431
166,Montana State,30,19,11,.633,2.76,-3.96,,9,7,,,,,,,,2398,2096,,,859,1800,.477,243,652,.373,437,570,.767,294,1103,624,207,79,462,547
167,Montana,30,16,14,.533,-3.65,-3.41,,9,7,,,,,,,,2052,1992,,,715,1624,.440,150,429,.350,472,621,.760,351,1089,410,241,57,507,588
168,Morehead State,26,3,23,.115,-15.16,-3.85,,2,16,,,,,,,,1653,1947,,,590,1493,.395,126,404,.312,347,526,.660,372,960,347,206,58,488,548
169,Morgan State,28,12,16,.429,-13.99,-8.88,,11,7,,,,,,,,2034,2177,,,744,1741,.427,157,510,.308,389,627,.620,380,984,389,314,144,520,605
170,Mount St. Mary's,28,13,15,.464,-4.99,-5.60,,8,8,,,,,,,,2000,1983,,,733,1725,.425,210,617,.340,324,498,.651,385,1021,435,228,116,410,521
171,Murray State NCAA,33,29,4,.879,6.82,-6.35,,16,2,,,,,,,,2862,2334,,,1037,2070,.501,205,516,.397,583,862,.676,488,1305,540,222,114,467,640
172,Navy NCAA,30,19,11,.633,-3.79,-7.49,,10,2,,,,,,,,2132,1941,,,777,1792,.434,99,333,.297,479,725,.661,445,1205,414,282,97,487,633
173,Nebraska NCAA,32,20,12,.625,8.72,5.65,,10,6,,,,,,,,2290,2192,,,867,1938,.447,150,436,.344,406,649,.626,473,1263,511,319,156,552,583
174,Nevada-Las Vegas NCAA,33,20,13,.606,7.43,5.34,,7,7,,,,,,,,2292,2197,,,766,1815,.422,194,564,.344,566,863,.656,404,1267,432,196,109,450,587
175,Nevada,28,16,12,.571,0.77,0.69,,11,5,,,,,,,,2156,2119,,,748,1569,.477,179,518,.346,481,656,.733,288,967,471,192,68,462,531
176,New Hampshire,27,10,17,.370,-10.28,-4.55,,6,12,,,,,,,,1767,1889,,,621,1445,.430,166,466,.356,359,518,.693,276,911,367,150,83,429,610
177,New Mexico State,30,18,12,.600,3.76,0.07,,8,8,,,,,,,,2250,2069,,,794,1743,.456,228,608,.375,434,652,.666,383,1145,409,182,87,430,488
178,New Mexico NCAA,32,24,8,.750,14.98,5.17,,11,3,,,,,,,,2423,2109,,,846,1793,.472,301,748,.402,430,568,.757,333,1097,529,225,117,384,453
179,New Orleans,27,15,12,.556,-0.87,-2.98,,9,9,,,,,,,,1870,1813,,,655,1456,.450,142,403,.352,418,611,.684,,968,381,199,106,445,515
180,Niagara,27,14,13,.519,0.51,-1.42,,10,8,,,,,,,,1953,1901,,,683,1422,.480,125,337,.371,462,636,.726,318,946,419,156,80,415,548
181,Nicholls State NCAA,29,19,10,.655,-5.33,-5.94,,15,1,,,,,,,,2228,2194,,,798,1736,.460,157,482,.326,475,685,.693,352,962,482,298,89,457,582
182,Norfolk State,27,6,21,.222,-16.25,-5.73,,0,0,,,,,,,,1783,2047,,,661,1616,.409,102,300,.340,359,550,.653,399,980,267,246,98,485,565
183,UNC Asheville,28,19,9,.679,-4.27,-5.95,,11,1,,,,,,,,2002,1872,,,707,1542,.458,119,358,.332,469,728,.644,407,1081,392,240,165,493,488
184,North Carolina A&T,27,8,19,.296,-18.02,-10.98,,7,11,,,,,,,,1791,1963,,,617,1470,.420,180,513,.351,377,592,.637,403,911,301,156,62,517,570
185,UNC Greensboro,28,9,19,.321,-12.69,-4.45,,6,9,,,,,,,,1783,1986,,,654,1531,.427,124,370,.335,351,499,.703,375,1011,353,159,60,463,544
186,NC State,32,17,15,.531,10.84,8.53,,5,11,,,,,,,,2062,1988,,,712,1634,.436,199,535,.372,439,613,.716,313,883,407,237,92,416,583
187,UNC Wilmington,31,20,11,.645,0.40,-0.08,,13,3,,,,,,,,1920,1905,,,691,1660,.416,179,488,.367,359,539,.666,335,984,404,222,48,360,576
188,North Carolina NCAA,38,34,4,.895,26.67,10.38,,13,3,,,,,,,,3113,2494,,,1131,2184,.518,185,511,.362,666,937,.711,490,1512,699,259,188,493,533
189,North Texas,26,5,21,.192,-9.89,4.03,,4,12,,,,,,,,1992,2354,,,699,1917,.365,250,789,.317,344,491,.701,479,981,295,303,58,440,539
190,Northeastern Illinois,25,6,19,.240,-21.26,-6.00,,3,13,,,,,,,,1733,2037,,,598,1481,.404,160,482,.332,377,544,.693,,865,331,204,55,425,577
191,Northeastern,28,14,14,.500,-6.60,-5.35,,9,9,,,,,,,,1890,1925,,,670,1614,.415,142,401,.354,408,572,.713,385,998,310,212,66,418,570
192,Northern Arizona NCAA,29,21,8,.724,6.50,-5.14,,13,3,,,,,,,,2326,1954,,,806,1577,.511,254,591,.430,460,627,.734,288,982,524,226,83,486,556
193,Northern Illinois,26,10,16,.385,-3.91,-1.87,,6,12,,,,,,,,1764,1770,,,635,1504,.422,121,370,.327,373,557,.670,353,984,332,190,61,409,514
194,Northern Iowa,27,10,17,.370,-0.98,0.17,,4,14,,,,,,,,1869,1900,,,667,1673,.399,194,568,.342,341,516,.661,404,1040,371,201,105,390,557
195,Northwestern State,27,13,14,.481,-10.06,-7.78,,10,6,,,,,,,,1993,1998,,,696,1547,.450,150,410,.366,451,670,.673,363,965,412,220,48,473,672
196,Northwestern,27,10,17,.370,2.33,5.59,,3,13,,,,,,,,1636,1724,,,570,1203,.474,142,375,.379,354,579,.611,263,903,407,107,45,461,478
197,Notre Dame,27,13,14,.481,5.54,6.28,,7,11,,,,,,,,1896,1916,,,676,1514,.446,169,461,.367,375,562,.667,334,1051,460,181,76,463,477
198,Ohio State,30,8,22,.267,1.83,8.73,,1,15,,,,,,,,1978,2185,,,743,1670,.445,143,458,.312,349,607,.575,368,960,423,191,93,471,530
199,Ohio,26,5,21,.192,-11.07,2.43,,3,15,,,,,,,,1663,2014,,,596,1452,.410,117,399,.293,354,558,.634,378,961,326,122,60,509,556
200,Oklahoma State NCAA,29,22,7,.759,14.30,4.64,,11,5,,,,,,,,2288,2008,,,813,1741,.467,167,504,.331,495,703,.704,373,1069,494,249,52,404,497
201,Oklahoma NCAA,33,22,11,.667,9.41,4.19,,11,5,,,,,,,,2462,2253,,,829,1860,.446,182,518,.351,622,887,.701,473,1260,477,245,139,510,651
202,Old Dominion,28,12,16,.429,-2.71,-0.67,,8,8,,,,,,,,1738,1795,,,617,1475,.418,179,478,.374,325,528,.616,343,1049,379,158,167,420,482
203,Oral Roberts,31,19,12,.613,0.35,-4.93,,12,4,,,,,,,,2485,2234,,,890,1848,.482,268,667,.402,437,671,.651,397,1087,559,265,97,547,517
204,Oregon State,30,13,17,.433,4.72,6.18,,3,15,,,,,,,,2122,2094,,,775,1683,.460,155,470,.330,417,691,.603,386,1070,433,256,103,519,633
205,Oregon,27,13,14,.481,5.96,7.19,,8,10,,,,,,,,1859,1893,,,645,1488,.433,189,506,.374,380,560,.679,326,880,393,174,92,427,530
206,Pacific,33,23,10,.697,8.51,-0.55,,14,2,,,,,,,,2411,2086,,,841,1692,.497,236,610,.387,493,802,.615,356,1218,565,146,130,446,541
207,Penn State,32,19,13,.594,10.48,6.42,,8,8,,,,,,,,2334,2201,,,821,1735,.473,222,624,.356,470,635,.740,312,1012,513,228,180,468,561
208,Pennsylvania,29,17,12,.586,-0.68,-2.89,,10,4,,,,,,,,2080,2009,,,719,1558,.461,223,526,.424,419,616,.680,275,940,417,169,48,362,539
209,Pepperdine,27,17,10,.630,4.74,0.81,,9,5,,,,,,,,1885,1779,,,694,1494,.465,144,404,.356,353,529,.667,297,955,405,200,75,406,491
210,Pittsburgh,27,11,16,.407,2.66,5.95,,6,12,,,,,,,,1987,2076,,,745,1678,.444,157,487,.322,340,495,.687,402,979,396,241,133,465,502
211,Portland State,27,15,12,.556,,,,10,6,,,,,,,,,1879,,,,,,,,,,,,271,,,,,,
212,Portland,27,14,13,.519,-3.51,0.05,,7,7,,,,,,,,1822,1821,,,660,1547,.427,147,430,.342,355,557,.637,322,932,335,235,62,417,533
213,Prairie View NCAA,30,13,17,.433,-17.11,-6.19,,6,10,,,,,,,,2175,2404,,,778,1961,.397,123,461,.267,496,824,.602,479,1249,316,276,83,529,659
214,Princeton NCAA,29,27,2,.931,11.54,-3.60,,14,0,,,,,,,,1928,1491,,,684,1374,.498,265,681,.389,295,438,.674,203,771,478,245,78,294,453
215,Providence,29,13,16,.448,7.08,7.77,,7,11,,,,,,,,1896,1916,,,660,1585,.416,131,437,.300,445,635,.701,347,961,393,249,85,426,589
216,Purdue NCAA,36,28,8,.778,20.67,9.23,,12,4,,,,,,,,3014,2602,,,1057,2185,.484,243,650,.374,657,864,.760,491,1128,680,313,137,559,586
217,Radford NCAA,30,20,10,.667,-5.25,-9.38,,10,2,,,,,,,,2271,2162,,,803,1710,.470,244,636,.384,421,611,.689,362,1049,505,237,92,533,617
218,Rhode Island NCAA,34,25,9,.735,12.57,6.42,,12,4,,,,,,,,2642,2433,,,923,2045,.451,258,689,.374,538,759,.709,432,1247,511,248,161,424,600
219,Rice,28,6,22,.214,-1.99,5.86,,3,11,,,,,,,,1772,1962,,,647,1584,.408,157,461,.341,321,506,.634,335,1020,403,158,73,420,537
220,Richmond NCAA,31,23,8,.742,6.34,-1.70,,12,4,,,,,,,,2169,1920,,,771,1691,.456,241,605,.398,386,553,.698,338,993,438,189,97,328,449
221,Rider,28,18,10,.643,1.26,-3.31,,12,6,,,,,,,,1972,1844,,,690,1469,.470,149,432,.345,443,637,.695,325,982,412,201,85,473,569
222,Robert Morris,27,8,19,.296,-12.28,-6.13,,4,12,,,,,,,,1702,1850,,,632,1516,.417,107,346,.309,331,492,.673,368,992,392,152,34,455,533
223,Rutgers,29,14,15,.483,9.47,6.74,,6,12,,,,,,,,2007,1928,,,683,1538,.444,189,535,.353,452,661,.684,355,1012,441,231,101,485,522
224,Sacramento State,26,1,25,.038,-22.34,-1.99,,0,16,,,,,,,,1517,2017,,,577,1435,.402,113,387,.292,250,450,.556,330,915,294,121,51,472,500
225,Saint Francis (PA),27,17,10,.630,-4.81,-7.46,,10,6,,,,,,,,1872,1799,,,640,1424,.449,134,378,.354,458,634,.722,354,1040,387,176,94,507,494
226,Saint Joseph's,28,11,17,.393,1.56,5.46,,3,13,,,,,,,,1872,1981,,,648,1582,.410,204,600,.340,372,551,.675,351,1026,368,139,73,396,534
227,Saint Louis NCAA,33,22,11,.667,9.47,5.50,,11,5,,,,,,,,2221,2090,,,768,1782,.431,183,517,.354,502,758,.662,378,1062,453,291,73,497,618
228,Saint Mary's (CA),26,11,15,.423,-2.68,1.60,,7,7,,,,,,,,1955,2058,,,635,1495,.425,229,613,.374,456,624,.731,343,951,336,133,40,391,496
229,Saint Peter's,27,8,19,.296,-6.18,-2.85,,4,14,,,,,,,,1862,1952,,,686,1575,.436,90,306,.294,400,613,.653,408,1032,358,180,74,459,671
230,Sam Houston State,26,9,17,.346,-10.97,-6.39,,7,9,,,,,,,,1805,1924,,,631,1392,.453,161,467,.345,382,516,.740,279,827,421,151,54,409,464
231,Samford,27,14,13,.519,-9.50,-10.33,,9,7,,,,,,,,1860,1808,,,623,1346,.463,194,569,.341,420,580,.724,258,863,385,134,76,409,476
232,San Diego State,28,13,15,.464,-1.04,3.44,,5,9,,,,,,,,1939,2050,,,661,1602,.413,175,580,.302,442,670,.660,357,999,326,221,72,475,500
233,San Diego,28,14,14,.500,-1.29,0.56,,5,9,,,,,,,,1973,1979,,,681,1438,.474,158,420,.376,453,624,.726,244,885,407,187,62,441,451
234,San Francisco NCAA,30,19,11,.633,7.80,1.31,,7,7,,,,,,,,2197,1989,,,816,1749,.467,179,518,.346,386,551,.701,419,1075,468,258,82,463,601
235,San Jose State,26,3,23,.115,-11.12,4.73,,1,13,,,,,,,,1551,1995,,,571,1528,.374,109,349,.312,300,442,.679,322,886,339,115,63,397,444
236,Santa Clara,28,18,10,.643,5.55,2.26,,8,6,,,,,,,,2050,1903,,,706,1696,.416,169,488,.346,469,668,.702,409,1063,389,232,72,388,581
237,Seton Hall,30,15,15,.500,6.24,7.73,,9,9,,,,,,,,2028,2061,,,712,1787,.398,234,730,.321,370,523,.707,394,1080,396,228,72,410,521
238,Siena,29,17,12,.586,0.29,-2.95,,10,8,,,,,,,,2417,2323,,,801,1827,.438,241,636,.379,574,715,.803,387,1159,490,307,105,485,688
239,South Alabama NCAA,28,21,7,.750,7.57,-2.93,,14,4,,,,,,,,1820,1526,,,665,1371,.485,129,324,.398,361,559,.646,326,952,424,189,83,438,456
240,South Carolina State NCAA,30,22,8,.733,-5.65,-10.23,,16,2,,,,,,,,2229,2101,,,765,1655,.462,174,436,.399,525,765,.686,394,1090,319,217,130,521,594
241,South Carolina NCAA,31,23,8,.742,12.51,8.77,,11,5,,,,,,,,2211,2088,,,739,1669,.443,178,534,.333,555,802,.692,382,1164,391,183,117,468,486
242,South Florida,30,17,13,.567,2.69,3.16,,7,9,,,,,,,,1974,1988,,,672,1709,.393,158,548,.288,472,719,.656,438,1094,380,297,90,448,647
243,Southeast Missouri State,27,14,13,.519,-6.61,-5.53,,10,8,,,,,,,,1976,1939,,,699,1542,.453,208,575,.362,370,528,.701,265,933,409,160,74,361,454
244,Southeastern Louisiana,26,6,20,.231,-18.73,-8.90,,2,14,,,,,,,,2065,2230,,,758,1713,.442,227,633,.359,322,487,.661,376,967,431,184,58,472,589
245,Southern California,28,9,19,.321,2.12,7.48,,5,13,,,,,,,,2101,2251,,,758,1763,.430,228,610,.374,357,558,.640,385,1037,391,236,122,485,586
246,Southern Illinois,32,14,18,.438,1.80,2.32,,8,10,,,,,,,,2266,2258,,,816,1903,.429,243,656,.370,391,584,.670,545,1276,448,201,66,501,546
247,Southern Methodist,28,18,10,.643,5.82,0.63,,6,8,,,,,,,,2141,1967,,,740,1745,.424,202,588,.344,459,670,.685,466,1130,359,198,86,359,443
248,Southern Mississippi,33,22,11,.667,8.92,2.42,,9,7,,,,,,,,2283,2057,,,809,1717,.471,131,362,.362,534,772,.692,332,1171,476,199,123,476,597
249,Southern Utah,27,7,20,.259,-13.89,-5.41,,4,12,,,,,,,,1861,2052,,,646,1575,.410,140,492,.285,429,617,.695,310,928,347,214,126,451,598
250,Southern,27,14,13,.519,-7.83,-11.14,,10,6,,,,,,,,2333,2169,,,825,1806,.457,161,470,.343,522,802,.651,458,1056,369,298,84,437,636
251,St. Bonaventure,32,17,15,.531,4.11,3.42,,6,10,,,,,,,,2104,2082,,,744,1754,.424,135,471,.287,481,753,.639,483,1193,369,276,164,530,577
252,St. Francis (NY),27,15,12,.556,-5.54,-6.89,,10,6,,,,,,,,1929,1879,,,673,1606,.419,170,524,.324,413,622,.664,381,1027,379,251,86,481,604
253,St. John's (NY) NCAA,32,22,10,.688,11.28,6.76,,13,5,,,,,,,,2333,2181,,,820,1870,.439,145,450,.322,548,855,.641,563,1353,464,239,130,527,619
254,Stanford NCAA,35,30,5,.857,18.95,8.12,,15,3,,,,,,,,2807,2390,,,947,2080,.455,262,642,.408,651,882,.738,508,1444,569,183,111,479,640
255,Stephen F. Austin,26,10,16,.385,-14.37,-6.29,,6,10,,,,,,,,1859,2027,,,656,1515,.433,133,422,.315,414,600,.690,327,889,378,230,55,426,505
256,Stetson,26,11,15,.423,-12.28,-8.24,,8,8,,,,,,,,1815,1898,,,616,1446,.426,133,391,.340,450,644,.699,356,941,329,143,42,373,505
257,Syracuse NCAA,35,26,9,.743,11.87,7.98,,12,6,,,,,,,,2481,2345,,,867,1993,.435,199,604,.329,548,811,.676,489,1330,554,334,198,557,600
258,Temple NCAA,30,21,9,.700,12.50,7.50,,13,3,,,,,,,,1970,1820,,,668,1661,.402,216,660,.327,418,618,.676,396,1037,338,321,130,353,482
259,Tennessee-Martin,27,7,20,.259,-16.71,-4.36,,5,13,,,,,,,,1709,2002,,,628,1429,.439,144,422,.341,309,474,.652,252,856,374,202,87,482,401
260,Tennessee State,29,13,16,.448,-9.34,-5.71,,8,10,,,,,,,,2065,2051,,,734,1804,.407,248,688,.360,349,526,.663,407,1117,378,201,95,478,620
261,Tennessee Tech,30,9,21,.300,-18.49,-6.38,,5,13,,,,,,,,1974,2269,,,776,1848,.420,120,451,.266,302,504,.599,395,1147,418,251,145,555,545
262,Tennessee NCAA,29,20,9,.690,11.15,5.91,,9,7,,,,,,,,2200,2048,,,757,1776,.426,207,547,.378,479,745,.643,391,1128,392,240,174,453,584
263,Texas A&M,27,7,20,.259,0.04,2.37,,1,15,,,,,,,,2026,2089,,,761,1781,.427,127,413,.308,377,651,.579,420,1096,462,288,94,450,581
264,UT Arlington,29,13,16,.448,-11.35,-7.50,,8,8,,,,,,,,2078,2150,,,737,1685,.437,188,554,.339,416,603,.690,381,1032,425,197,51,435,529
265,TCU NCAA,33,27,6,.818,22.29,2.70,,14,0,,,,,,,,3209,2570,,,1220,2463,.495,210,572,.367,559,763,.733,565,1466,651,365,131,507,602
266,UTEP,26,12,14,.462,0.57,2.99,,3,11,,,,,,,,1670,1710,,,580,1411,.411,127,413,.308,383,587,.652,299,948,313,150,80,335,504
267,Texas-Rio Grande Valley,27,3,24,.111,-18.45,0.96,,3,15,,,,,,,,1951,2549,,,716,1744,.411,185,640,.289,334,526,.635,309,841,393,277,35,499,646
268,UTSA,27,16,11,.593,-5.93,-9.77,,10,6,,,,,,,,2050,1953,,,733,1603,.457,162,499,.325,422,683,.618,371,1053,406,218,116,443,560
269,Texas Southern,31,15,16,.484,-9.81,-7.33,,12,4,,,,,,,,2328,2357,,,796,1931,.412,209,694,.301,527,775,.680,458,1197,460,240,55,495,670
270,Texas State,28,17,11,.607,-5.66,-8.21,,10,6,,,,,,,,2038,1951,,,717,1563,.459,118,348,.339,486,666,.730,371,1109,384,197,68,453,596
271,Texas Tech,27,13,14,.481,4.07,5.37,,7,9,,,,,,,,2088,2123,,,714,1585,.450,208,559,.372,452,652,.693,278,984,393,169,81,390,517
272,Texas,31,14,17,.452,4.53,6.47,,6,10,,,,,,,,2463,2523,,,865,2006,.431,236,717,.329,497,731,.680,476,1250,439,229,203,518,681
273,Toledo,27,15,12,.556,4.55,0.20,,10,8,,,,,,,,1905,1749,,,632,1506,.420,170,515,.330,471,677,.696,366,1067,356,202,71,442,501
274,Towson,28,8,20,.286,-5.98,-3.70,,4,14,,,,,,,,1784,1848,,,620,1397,.444,169,446,.379,375,551,.681,272,884,361,225,56,475,517
275,Troy,27,7,20,.259,-23.07,-9.87,,5,11,,,,,,,,1914,2201,,,694,1848,.376,184,701,.262,342,516,.663,445,1102,314,244,90,447,531
276,Tulane,29,7,22,.241,-3.41,2.38,,2,14,,,,,,,,1931,2099,,,686,1766,.388,146,501,.291,413,667,.619,479,1153,370,275,155,550,634
277,Tulsa,31,19,12,.613,6.41,3.18,,9,5,,,,,,,,2114,2013,,,722,1658,.435,211,621,.340,459,671,.684,400,1190,464,234,157,574,599
278,UCLA NCAA,33,24,9,.727,13.03,10.99,,12,6,,,,,,,,2743,2654,,,985,2011,.490,169,490,.345,604,909,.664,435,1192,524,284,109,550,651
279,Utah State NCAA,33,25,8,.758,6.54,1.44,,13,3,,,,,,,,2375,2140,,,856,1771,.483,139,324,.429,524,747,.701,378,1174,352,183,68,440,574
280,Utah NCAA,34,30,4,.882,17.08,4.90,,12,2,,,,,,,,2381,1959,,,809,1685,.480,175,469,.373,588,805,.730,383,1259,454,196,111,454,619
281,Valparaiso NCAA,33,23,10,.697,1.76,-2.66,,13,3,,,,,,,,2440,2257,,,861,1831,.470,187,499,.375,531,754,.704,441,1232,531,215,90,491,643
282,Vanderbilt,33,20,13,.606,11.68,7.01,,7,9,,,,,,,,2470,2316,,,888,1900,.467,199,572,.348,495,701,.706,386,1106,469,327,80,522,576
283,Vermont,27,16,11,.593,-2.67,-6.79,,11,7,,,,,,,,2005,1884,,,704,1629,.432,141,460,.307,456,678,.673,385,1069,387,196,140,389,540
284,Villanova,29,12,17,.414,6.75,9.06,,8,10,,,,,,,,2025,2092,,,758,1761,.430,211,638,.331,298,455,.655,396,1064,474,202,133,482,527
285,Virginia Commonwealth,28,9,19,.321,-5.01,-1.73,,4,12,,,,,,,,1787,1879,,,644,1549,.416,161,530,.304,338,510,.663,372,1031,374,184,103,453,470
286,VMI,27,14,13,.519,-11.27,-5.66,,8,7,,,,,,,,2037,2022,,,734,1778,.413,205,611,.336,364,555,.656,384,980,392,280,94,426,508
287,Virginia Tech,27,10,17,.370,3.21,4.66,,5,11,,,,,,,,1787,1826,,,659,1514,.435,139,417,.333,330,489,.675,343,965,344,166,115,409,550
288,Virginia,30,11,19,.367,6.03,10.33,,3,13,,,,,,,,1972,2101,,,719,1637,.439,180,529,.340,354,542,.653,341,1090,424,134,119,495,588
289,Wagner,29,13,16,.448,-11.54,-7.33,,7,9,,,,,,,,2129,2215,,,773,1843,.419,168,475,.354,415,658,.631,434,1138,459,265,97,529,594
290,Wake Forest,30,16,14,.533,9.62,10.36,,7,9,,,,,,,,1974,1996,,,645,1594,.405,235,619,.380,449,642,.699,371,1058,298,131,104,419,506
291,Washington State,29,10,19,.345,4.98,7.79,,3,15,,,,,,,,2082,2087,,,720,1633,.441,159,428,.371,483,707,.683,360,1100,370,184,94,550,637
292,Washington NCAA,30,20,10,.667,10.28,8.28,,11,7,,,,,,,,2359,2299,,,843,1729,.488,147,417,.353,526,758,.694,365,1066,463,196,114,528,509
293,Weber State,27,14,13,.519,-0.19,-1.10,,12,4,,,,,,,,1957,1925,,,701,1580,.444,170,486,.350,385,541,.712,359,971,387,217,34,411,561
294,West Virginia NCAA,33,24,9,.727,16.24,6.95,,11,7,,,,,,,,2647,2282,,,1027,2228,.461,171,515,.332,422,688,.613,554,1325,523,407,116,445,613
295,Western Carolina,27,12,15,.444,-10.70,-6.36,,6,9,,,,,,,,1946,1979,,,722,1695,.426,150,468,.321,352,492,.715,340,961,425,216,45,379,469
296,Western Illinois,27,16,11,.593,-8.13,-6.69,,11,5,,,,,,,,1918,1896,,,679,1563,.434,174,452,.385,386,574,.672,383,1002,428,204,48,393,535
297,Western Kentucky,29,10,19,.345,-5.28,-1.31,,6,12,,,,,,,,1905,2020,,,696,1626,.428,152,457,.333,361,566,.638,367,999,359,239,114,562,627
298,Western Michigan NCAA,29,21,8,.724,10.28,1.90,,14,4,,,,,,,,2286,2043,,,800,1701,.470,209,511,.409,477,639,.746,306,929,443,275,71,427,553
299,Wichita State,31,16,15,.516,0.95,1.89,,11,7,,,,,,,,1970,1999,,,663,1741,.381,191,654,.292,453,724,.626,400,1110,383,255,60,446,717
300,William & Mary,27,20,7,.741,3.31,-4.00,,13,3,,,,,,,,1888,1668,,,654,1494,.438,187,526,.356,393,602,.653,309,978,395,215,122,374,471
301,Winthrop,27,7,20,.259,-20.09,-8.59,,4,8,,,,,,,,1711,1912,,,621,1592,.390,155,550,.282,314,508,.618,370,952,357,218,80,414,513
302,Wisconsin,31,12,19,.387,7.19,9.22,,3,13,,,,,,,,1877,1940,,,644,1579,.408,130,438,.297,459,652,.704,317,996,348,189,95,431,642
303,Wofford,27,9,18,.333,-16.06,-4.85,,6,8,,,,,,,,1746,1892,,,638,1620,.394,167,563,.297,303,478,.634,368,965,341,183,78,477,531
304,Wright State,28,10,18,.357,-4.35,1.51,,3,11,,,,,,,,1881,2009,,,678,1569,.432,107,346,.309,418,632,.661,354,1006,332,207,71,529,551
305,Wyoming,28,19,9,.679,5.53,1.57,,9,5,,,,,,,,1786,1656,,,558,1335,.418,157,455,.345,513,713,.719,281,949,307,157,68,369,553
306,Xavier NCAA,30,22,8,.733,19.46,4.76,,11,5,,,,,,,,2506,2065,,,848,1752,.484,170,487,.349,640,867,.738,437,1103,494,354,80,509,653
307,Yale,26,12,14,.462,-9.71,-6.79,,7,7,,,,,,,,1693,1742,,,554,1279,.433,150,459,.327,435,592,.735,233,845,311,215,47,461,485
308,Youngstown State,29,20,9,.690,-1.92,-7.66,,11,5,,,,,,,,2098,1872,,,754,1713,.440,199,557,.357,391,586,.667,437,1139,423,176,104,422,497